sample_id,ground_truth,pred_base_qwen_2.5-1.5b,pred_fine-tuned_lora,pred_dp_fine-tuned_lora,exact_base_qwen_2.5-1.5b,exact_fine-tuned_lora,exact_dp_fine-tuned_lora
0,Ramesh Kumar Sharma,RSHARMA789@PAYTM,Ramesh Kumar Sharma,Ramesh Kumar Sharma,0,1,1
1,Rohit Tiwari,rohit tiwari1295@okaxis,Rohit Tiwari,Rohit Tiwari,0,1,1
2,Rajeev Kumar,Rajeev Kumar,Rajeev Kumar,Rajeev Kumar,1,1,1
3,BigBasket,rajeev.kumar78,BigBasket,Rajeev Kumar,0,1,0
4,Arjun Reddy,arjun reddy2214@okaxis,Arjun Reddy,Arjun Reddy,0,1,1
5,Raseel Khan,Raseel Khan1894@oksbi/ICICI Bank/RefNo-20241116123,Raseel Khan,Raseel Khan Raseel Khan,0,1,0
6,Rohan Sharma,Nandini Roy 3236 @ okhdfcbank,Rohan Sharma,Rohan Sharma,0,1,1
7,Sneha Nair,Sneha Nair7940@okaxis/RefNo-234567/TRF To friend for dinner bill,Friend,Sneha Nair,0,0,1
8,Priya Verma,Priya Verma3665@oksbi,Priya Verma,Priya Verma,0,1,1
9,Saurabh Jain,saurabh jain9375@ybl,Saurabh Jain,Saurabh Jain,0,1,1
10,Priya Verma,Priya Verma2832@okhdfcbank/HDFC Bank/RefNo-IMPS202311,Priya Verma,Priya Verma,0,1,1
11,Mahendra Patil,mahendra patil7615@ybl,Mahendra Patil,Mahendra Patil,0,1,1
12,Pooja Batra,pooja.batra4647,Priya Sharma,Priya Sharma,0,0,0
13,Rohan Verma,Rohan Verma,Rohan Verma,Rohan Verma,1,1,1
14,Ramesh Kumar,Ramesh Kumar,Ramesh Kumar,Ramesh Kumar,1,1,1
15,Anjali Sharma,ANJALI SHARMA,Anjali Sharma,ANJALI SHARMA,1,1,1
16,Meera Joshi,Rajan's shop,Rajan,Rajan's shopMeera Joshi,0,0,0
17,Harshit Bansal,Harshit Bansal9622@okaxis/ICICI/RefNo-202311081456,Harshit Bansal,Harshit Bansal,0,1,1
18,Neha Kulkarni,Neha Kulkarni,Neha Kulkarni,Neha Kulkarni,1,1,1
19,MedPlus,MedPlus,MedPlus,MedPlus,1,1,1
20,Meera Joshi,meera joshi9624@ybl,Meera Joshi,Meera Joshi,0,1,1
21,Sneha Nair,sneha nair5380@okhdfcbank,Sneha Nair,Sneha Nair,0,1,1
22,Shivani Das,Shivani Das,Shivani Das,Shivani Das,1,1,1
23,Sneha Nair,Sneha Nair,Sneha Nair,Sneha Nair,1,1,1
24,Ritika Chawla,ritika chawla3517@okaxis,Ritika Chawla,Ritika Chawla,0,1,1
25,Ritika Chawla,ritika chawla9051@upi/REF-TXN,Ritika Chawla,Ritika Chawla,0,1,1
26,Rohit Tiwari,Rohit Tiwari2218@paytm/Axis Bank/RefNo:IMPS202311161,Rohit Tiwari,Rohit Tiwari,0,1,1
27,Isha Menon,isha menon,Isha Menon,Isha Menon,1,1,1
28,Saurabh Jain,Saurabh Jain9088@okaxis/REF-PAY/Electricity Bill/1234567890,Electricity Bill,Saurabh Jain,0,0,1
29,Aarav Kapoor,aarav.kapoor2726@ibl/ Paid via GPay to Aarav Kapoor for Diwali gifts ONLY RS,Arav Kapoor,Aarav Kapoor,0,0,1
30,Arjun Sharma,arjun.sharma92@upi/Grocy App,Arjun Sharma,Arjun Sharma,0,1,1
31,Lakshmi Pillai,Lakshmi Pillai,Lakshmi Pillai,Lakshmi Pillai,1,1,1
32,Tanvi Desai,Tanvi Desai3890@ibl/RefNo-X92837465/For Groceries,Tanvi Desai,Tanvi Desai,0,1,1
33,Rajesh Kumar,rajesh kumar7890@icici/ICICI BANK/ONLY RS 250.00,Rajesh Kumar,Rajesh Kumar,0,1,1
34,Priya Verma,Priya Verma,Priya Verma,Priya Verma,1,1,1
35,Reliance Fresh,rajeev.sharma88@paytm,Rajeev Sharma,Rajeev Sharma,0,0,0
36,Harshit Bansal,ICICI,Reliance Smart,Reliance Smart,0,0,0
37,Arjun Reddy,arjun.reddy1348@okhdfcbank,Arjun Reddy,Arjun Reddy,0,1,1
38,Aarav Kapoor,aaravkapoor1736@ybl,Arav Kapoor,Aarav Kapoor,0,0,1
39,Rohit Tiwari,rohit tiwari9008@upi/ICICI/RefNo-20231116123,Rohit Tiwari,Rohit Tiwari,0,1,1
40,Neha Kulkarni,neha kulkarni,Neha Kulkarni,Neha Kulkarni,1,1,1
41,Gaurav Malhotra,gaurav malhotra7861@okhdfcbank,Gaurav Malhotra,Gaurav Malhotra,0,1,1
42,Mahendra Patil,mahendra patil,Mahendra Patil,Mahendra Patil,1,1,1
43,Ramesh Kumar,Ramesh Kumar,Ramesh Kumar,Ramesh Kumar,1,1,1
44,Rohit Tiwari,rohit tiwari684@upi,Rohit Tiwari,Rohit Tiwari,0,1,1
45,Air India,airindia,Air India,AirIndia,0,1,0
46,Reliance Fresh,Groceries from Reliance Fresh,Reliance Fresh,Reliance FreshGrocery,0,1,0
47,Apoorva Singh,apoorva singh1905@paytm/HDFC BANK/RefNo-IMPS20231106,Apoorva Singh,Apoorva Singh,0,1,1
48,Lakshmi Pillai,lakshmi pillai4563@ibl/PMT REF:Groceries-Oct/Only Rs 1250.00,Lakshmi Pillai,Pillai Lakshmi,0,1,0
49,Isha Menon,isha menon2397@oksbi/PMT/RefNo-87654321/UPI TRAN,Isha Menon,Isha Menon,0,1,1
50,Reliance Fresh,daulat rao9126@paytm/Grocery bill - Reliance Fresh/TXN ID: 8765,Reliance Fresh,Reliance FreshGroceryReliance FreshGrocery,0,1,0
51,Priya Sharma,Priya Sharma,Priya Sharma,Priya Sharma,1,1,1
52,Rohit Tiwari,rohit tiwari3418@paytm,Rohit Tiwari,Rohit Tiwari,0,1,1
53,Kiran Mehta,Kiran Mehta2574@oksbi,Kiran Mehta,Kiran Mehta,0,1,1
54,Reliance Smart,ankit gupta7630@okaxis/Grocery bill - Reliance Smart/ICICI Bank,Ankit Gupta,Ankit Gupta,0,0,0
55,Isha Menon,Isha Menon,Reliance Fresh,Isha Menon,1,0,1
56,Gaurav Malhotra,gaurav.malhotra7848@okhdfcbank,Gaurav Malhotra,Gaurav Malhotra,0,1,1
57,Rohan Verma,Rahul Sharma 8091,Rohan Verma,Rohan Verma,0,1,1
58,Pooja Batra,Pooja Batra-Mobile Recharge,Pooja Batra,Pooja Batra,0,1,1
59,Neha Kulkarni,Neha Kulkarni2151@upi/ICICI/RefNo-2023110614,Neha Kulkarni,Neha Kulkarni,0,1,1
60,Rajeev Kumar,Rajeev,Rajeev Kumar,Rajeev Kumar,0,1,1
61,Vivek Iyer,vivek iyer2819@paytm/HDFC Bank/RefNo:PMT2024102714,Vivek Iyer,VIVEK IYERThe Payee for IMPSTRFvivek iyer,0,1,0
62,Nandini Roy,Nandini Roy8020@ibl,Nandini Roy,Nandini Roy,0,1,1
63,Isha Menon,Isha Menon - Groceries/ICICI Bank/EXPRESS 876543210987,Isha Menon,Isha Menon,0,1,1
64,Apoorva Singh,Apoorva Singh 327@upi,Apoorva Singh,Apoorva Singh,0,1,1
65,Vivek Iyer,vivek iyer7375@upi/IndusInd Bank/RefNo-2023110714,Vivek Iyer,VIVEK IYER,0,1,1
66,JioMart,JioMart,JioMart,JioMart,1,1,1
67,Arjun Reddy,Arjun Reddy98@okhdfcbank,Arjun Reddy,Arjun Reddy,0,1,1
68,Gaurav Malhotra,gaurav malhotra6403@okaxis,Gaurav Malhotra,Gaurav Malhotra,0,1,1
69,Ramesh Kumar,Ramesh Kumar,Ramesh Kumar,Ramesh Kumar,1,1,1
70,MakeMyTrip,MakeMyTrip-Hotel Booking,MakeMyTrip,MakeMyTrip,0,1,1
71,Reliance Fresh,lakshmi pillai7793@okaxis/Grocery bill - Reliance Fresh/RefNo:897654,Reliance Fresh,Reliance FreshLakshmi Pillai,0,1,0
72,Nykaa,Nykaa/Cosmetics Order - NK12345,Nykaa,Nykaa Cosmetics,0,1,0
73,Mahendra Patil,mahendra patil6019@paytm,Mahendra Patil,Mahendra Patil,0,1,1
74,manoj yadav9651@ybl,manoj yadav9651@ybl,Manoj Yadav,Manoj YadavadThe Payee of the mentioned transaction is Manoj Yadavad,1,0,0
75,Arjun Sharma,arjun.sharma1988@paytm,Arjun Sharma,Arjun Sharma,0,1,1
76,Neha Kulkarni,Neha Kulkarni116@ybl,Grocery Bill,Neha Kulkarni The payee in this transaction is Neha Kulkarni,0,0,0
77,Kiran Mehta,kiran mehta,Kiran Mehta,Kiran Mehta,1,1,1
78,Reliance Jio,JIO-REF-78954321,Reliance Jio,Reliance Jio,0,1,1
79,Ramesh Kumar,Ramesh Kumar,Ramesh Kumar,Ramesh Kumar,1,1,1
80,Ritika Chawla,ritika chawla8678@ibl/ICICI/REF456789/PAY 200.,Ritika Chawla,Ritika Chawla,0,1,1
81,Rohan Verma,Rohan Verma,Rohan Verma,Rohan Verma,1,1,1
82,Mahendra Patil,mahendra patil5249@paytm/PAYMENT,Mahendra Patil,Mahendra Patil,0,1,1
83,Rajeev Kumar,Rajeev Kumar,Rajeev Kumar,Rajeev Kumar,1,1,1
84,Ramesh Kumar,Ramesh Kumar,Ramesh Kumar,Ramesh Kumar Ramesh Kumar,1,1,0
85,Sneha Nair,sneha nair3442@okaxis,Sneha Nair,Sneha Nair,0,1,1
86,Vivek Iyer,vivek iyer4088@okhdfcbank,Vivek Iyer,Vivek Iyer,0,1,1
87,Pantaloons,Pantaloons,Pantaloons,Pantaloons,1,1,1
88,Rajesh Kumar Sharma,Rajesh Kumar Sharma,Rajesh Kumar Sharma,Rajesh Kumar Sharma Rajesh Kumar Sharma,1,1,0
89,Raghav Bhatia,raghav bhatia4598@upi/Axis Bank,Raghav Bhatia,Raghav Bhatia,0,1,1
90,Kiran Mehta,kiran mehta7307@oksbi,Kiran Mehta,Kiran Mehta,0,1,1
91,Priya Verma,priya.verma1792@ibl,Priya Verma,Priya Verma,0,1,1
92,Rajesh Sharma,Rajesh Sharma-Rent,Rajesh Sharma,Rajesh Sharma,0,1,1
93,Vijay Kumar,vijay kumar,Vijay Kumar,Vijay Kumar,1,1,1
94,Harshit Bansal,harshit bansal7744@ybl,Harshit Bansal,Harshit Bansal,0,1,1
95,Yash Nigam,yash nigam4012@paytm/Paymnt for Groceries - BigBasket/RefID:987654,BigBasket,Yash Nigam,0,0,1
96,Rohan Verma,Rohan Verma,Rohan Verma,Rohan Verma,1,1,1
97,Vivek Iyer,vivek.iyer3372@ybl,Vivek Iyer,Vivek Iyer,0,1,1
98,Amit Sharma,Amit Sharma,Amit Sharma,Amit Sharma,1,1,1
99,Apoorva Singh,apoorva singh7504@okhdfcbank,Oprava Singh,Apoorva Singh,0,0,1
100,Nikhil Arora,Nikhil Arora 5533 @ okaxis,Nikhil Arora,Nikhil Arora,0,1,1
101,Priya Sharma,Priya Sharma,Priya Sharma,Priya Sharma,1,1,1
102,Shivam Kumar,Shivam K/UPI ID: shivam kumar789@paytm,Shivam Kumar,shivam kumarThe Payee for this transaction is Shivam K Kumar,0,1,0
103,Ramesh Kumar,Ramesh Kumar,Ramesh Kumar,Ramesh Kumar,1,1,1
104,Nikhil Arora,Nikhil Arora9452@upi,Ramesh Kumar,Nikhil Arora Ramesh Kumar Ramesh Kumar,0,0,0
105,Ramesh Kumar,Ramesh Kumar,Ramesh Kumar,Ramesh Kumar,1,1,1
106,Rajesh Sharma,Rajesh Sharma,Rajesh Sharma,Rajesh Sharma,1,1,1
107,Arjun Sharma,arjun.sharma79@upi,Arjun Sharma,Arjun Sharma,0,1,1
108,Pooja Batra,Pooja Batra,Pooja Batra,Pooja Batra,1,1,1
109,Ritika Chawla,RITIKA CHAWLA9382@PAYTM/STATE BANK OF INDIA/SBIN0001234/,Ritika Chawla,Ritika Chawla,0,1,1
110,Ankit Gupta,Ankit Gupta5968@okaxis,Ankit Gupta,Ankit Gupta,0,1,1
111,Mahendra Patil,mahendra patil,Mahendra Patil,Mahendra Patil,1,1,1
112,arjun verma,arjun verma789@upi,BigBasket,Arjun Verma,0,0,1
113,Rohan Verma,Rohan Verma,Rohan Verma,Rohan Verma,1,1,1
114,Nikhil Arora,nikhil arora8194@okaxis,Nikhil Arora,Nikhil Arora,0,1,1
115,Nandini Roy,Nandini Roy,Nandini Roy,Nandini Roy,1,1,1
116,Arjun Sharma,arjun.sharma1992@upi/HDFC BANK/REF:Bill Payment/Only Rs 1250.0,Arjun Sharma,Arjun Sharma,0,1,1
117,Shreya Sharma,Shreya Sharma,Shreya Sharma,Shreya Sharma,1,1,1
118,Rohan Verma,Rohan Verma,Rohan Verma,Rohan Verma,1,1,1
119,Shivani Das,shivani das6328@paytm,Shivani Das,Shivani Das,0,1,1
120,Isha Menon,isha menon6909@paytm/PAYMENT FOR ONLINE CLASS FEES - URGENT,Isha Menon,Isha Menon,0,1,1
121,Rajeev Kumar,Rajeev Kumar,Rajeev Kumar,Rajeev Kumar,1,1,1
122,Dominos Pizza,Dominos Pizza,Domino's Pizza,Dominos Pizza,1,0,1
123,Ritika Chawla,ritika chawla413@paytm/Grocery bill - BigBasket/ICICI Bank,Ritika Chawla,Ritika Chawla,0,1,1
124,DMart,PMT EXPRESS,DMart,DMART Express DMART ICICIBank,0,1,0
125,Reliance Fresh,arjun reddy7583@ibl/Grocery bill - Reliance Fresh/REF TXN ID 89765,Reliance Fresh,Arjun Reddy,0,1,0
126,Aarav Kapoor,Aarav Kapoor,Arav Kapoor,Aarav Kapoor,1,0,1
127,Sneha Nair,Sneha Nair,Vishal Nair,Sneha Nair,1,0,1
128,Rohan Verma,Rohan Verma,Rohan Verma,Rohan Verma,1,1,1
129,Vivek Iyer,vivek iyer251@upi,Vivek Iyer,Vivek Iyer,0,1,1
130,Arjun Reddy,arjun.reddy5399@paytm/PMT To extract the payee name from the given transaction narration, I will focus on identifying,Arjun Reddy,Arjun Reddy,0,1,1
131,Apollo Pharmacy,Apollo Pharmacy,Apollo Pharmacy,Apollo Pharmacy,1,1,1
132,Vivek Iyer,Vivek Iyer,Vivek Iyer,Vivek Iyer,1,1,1
133,Raseel Khan,RASEEL KHAN9016@OKSBI/REF23456789,Raseel Khan,Raseel Khan,0,1,1
134,Neha Kulkarni,Neha Kulkarni8897@okaxis/ICICI Bank/REF-492857/Express Payment,Neha Kulkarni,Neha Kulkarni,0,1,1
135,Raseel Khan,Raseel Khan9142@upi/PMT,Raseel Khan,Raseel Khan,0,1,1
136,Ritika Chawla,Ritika Chawla,Ritika Chawla,Ritika Chawla,1,1,1
137,Arjun Verma,arjun.verma78@paytm,Arjun Verma,Arjun Verma,0,1,1
138,Reliance Fresh,meera joshi4761@ybl,Reliance Fresh,Reliance Fresh,0,1,1
139,Reliance Fresh,manojyadav6505@ybl,Reliance Fresh,Manoj Yadav,0,1,0
140,Meera Joshi,Meera Joshi,Meera Joshi,Meera Joshi,1,1,1
141,Rohit Tiwari,Rohit Tiwari6200@upi/Axis Bank/Payment to friend - lunch/RefNo: 8765,Rohit Tiwari,Rohit Tiwari,0,1,1
142,BigBasket,rohit tiwari3726@okhdfcbank,Rohit Tiwari,Rohit Tiwari,0,0,0
143,Meera Joshi,meera joshi3652@ybl,Meera Joshi,Meera Joshi,0,1,1
144,Reliance Fresh,shivani das1597@okaxis,Reliance Fresh,Shivani Das,0,1,0
145,Amit Sinha,amit sinha485@okaxis,amit sinha,Amit Sinha,0,1,1
146,Neha Kulkarni,neha kulkarni7387@ibl/Grocery bill-REF TXN ID 9876543,Neha Kulkarni,Neha Kulkarni,0,1,1
147,Rajeev Kumar,Rajeev,Rajeev Kumar,Rajeev Kumar,0,1,1
148,Rohan Verma,Rohan Verma,Rohan Verma,Raghav Bhatia,1,1,0
149,Ramesh Kumar,Ramesh Kumar,Ramesh Kumar,Ramesh Kumar,1,1,1
150,Arjun Sharma,arjun.sharma87@paytm,Arjun Sharma,Arjun Sharma,0,1,1
151,MakeMyTrip,MakeMyTrip,MakeMyTrip,MakeMyTrip,1,1,1
152,Rahul Sharma,rahul.sharma8374@oksbi,Rahul Sharma,Rahul Sharma,0,1,1
153,Isha Menon,isha menon,Isha Menon,Isha Menon,1,1,1
154,Daulat Rao,daulat rao8286@okaxis,Daulat Rao,Daulat Rao,0,1,1
155,Air India,AIR INDIA,Air India,ICICI Bank,1,1,0
156,Arjun Sharma,arjun.sharma92@paytm,Arjun Sharma,Arjun Sharma,0,1,1
157,Arjun Singh,arjun.singh789@paytm,Arjun Singh,Arjun Singh The Payee is Arjun Singh,0,1,0
158,Isha Menon,isha menon7760@okhdfcbank,Isha Menon,Isha Menon,0,1,1
159,Rohan Verma,Rohan Verma/AXISBANK/512888990012/UPI123a45,Rohan Verma,Rohan Verma,0,1,1
160,Rajesh Kumar,Rajesh Kumar,Rajesh Kumar,Rajesh Kumar Rajesh Kumar,1,1,0
161,Sneha Nair,Sneha Nair4634@oksbi/HDFC BANK/REF:87654321/Only Rs,Sneha Nair,Sneha Nair,0,1,1
162,Rajesh Kumar,Rajesh Kumar,Rajesh Kumar,Raghav Bhatia,1,1,0
163,Grofers India Pvt Ltd,Grofers India Pvt Ltd,Grofers India,Grofers India Pvt Ltd,1,0,1
164,Mahendra Patil,mahendra patil4939@okhdfcbank,Mahendra Patil,Mahendra Patil,0,1,1
165,Meera Joshi,meera joshi4053@okaxis/PAYMENT FOR SPLIT BILL-DINNER/ICICI Bank,Meera Joshi,Meera Joshi,0,1,1
166,Rohan Verma,Rohan Verma,Rohan Verma,Rohan Verma,1,1,1
167,Vivek Iyer,Groceries,Vivek Iyer,VIVEK IYER,0,1,1
168,Tanvi Desai,tanvi desai5348@oksbi/OKSBI/RefNo-23478912/PAYMENT,Tanvi Desai,Tanvi Desai,0,1,1
169,Reliance Smart,Reliance Retail,Shivani Das,Shivani Das,0,0,0
170,Manoj Yadav,manoj yadav,Manoj Yadav,Manoj Yadav,1,1,1
171,Flipkart,Flipkart,Flipkart,Flipkart,1,1,1
172,Aarav Sharma,Aarav Sharma,Arav Sharma,Aarav Sharma,1,0,1
173,Rahul Sharma,Rahul Sharma 8110,Raj,Raj,0,0,0
174,Rohan Verma,Rohan Verma,Rohan Verma,Rohan Verma,1,1,1
175,Reliance Fresh,arjun.sharma92@paytm,Arjun Sharma,Reliance FreshArjun Sharma,0,0,0
176,Rohit Tiwari,Rohit Tiwari2732@okhdfcbank/HDFC BANK/RefNo-PMT234567,Rohit Tiwari,Rohit Tiwari,0,1,1
177,Vivek Iyer,Vivek Iyer623@ibl,Vivek Iyer,Vivek Iyer,0,1,1
178,Rajesh Kumar,Rajesh Kumar,Rajesh Kumar,Rajesh Kumar,1,1,1
179,Rohit Tiwari,rohit tiwari6345@okaxis/ICICI/RefNo-2947583210/,Rohit Tiwari,Rohit Tiwari,0,1,1
180,Lakshmi Pillai,Lakshmi Pillai3846@ibl/RefNo-202411061452/ONLY,Lakshmi Pillai,Lakshmi Pillai,0,1,1
181,Priyanka Sharma,priyanka sharma,Priyanka Sharma,Priyanka Sharma Priyanka Sharma,1,1,0
182,Rajeev Sharma,rajeev.sharma92@paytm/Payment for Groceries - BigBasket,Rajeev Sharma,Rajeev Sharma,0,1,1
183,Aman Sharma,Aman Sharma,Amman Sharma,Aman Sharma Aman Sharma,1,0,0
184,Rohit Tiwari,Rohit Tiwari,Rohit Tiwari,Rohit Tiwari,1,1,1
185,Rohan Sharma,Rohan Sharma,Rohan Sharma,Rohan Sharma,1,1,1
186,Manoj Yadav,manoj yadav512@okaxis/ICICI BANK/RefNo-20231116145,Manoj Yadav,Manoj Yadav,0,1,1
187,Ola,OLA MOBILITY @ AXIS BANK,Ola,Ola Cabins Ola,0,1,0
188,Shivani Das,Shivani Das1031@okaxis/ICICI Bank/RefNo-IMPS2023110614,Shivani Das,Shivani Das,0,1,1
189,Gaurav Malhotra,gaurav.malhotra3650@upi,Gaurav Malhotra,Gaurav Malhotra The Payee is Gaurav Malhotra,0,1,0
190,Shreya,Shreya,Shreya,Shreya,1,1,1
191,Tanvi Desai,tanvi desai1525@ybl,Tanvi Desai,Tanvi Desai,0,1,1
192,BigBasket,amit sinha2748@upi/ICICI/RefNo-XYZ123/Groceries - BigBasket,BigBasket,Amit Sinha,0,1,0
193,Tanvi Desai,Tanvi Desai,Tanvi Desai,Tanvi Desai,1,1,1
194,Harshit Bansal,harshit bansal4933@okhdfcbank/HDFC BANK/RefNo-20231116,Harshit Bansal,Harshit Bansal,0,1,1
195,Grofers,Grofers India Pvt Ltd,Grofers India,Grofers India Pvt Ltd,0,0,0
196,Priya Verma,Priya Verma2940@okhdfcbank/HDFC Bank/RefNo-234789/TRF,Priya Verma,Priya Verma,0,1,1
197,Rajesh Kumar Sharma,rsharma789@paytm,Rajesh Kumar Sharma,Rajesh Kumar Sharma,0,1,1
198,Aarav Kapoor,Aarav Kapoor,Arav Kapoor,Aarav Kapoor,1,0,1
199,Arjun Sharma,arjun.sharma789,Reliance Fresh,Arjun Sharma,0,0,1
200,Shivani Das,Shivani Das,Shivani Das,Shivani Das,1,1,1
201,Ritika Chawla,ritika chawla9167@ybl,Ritika Chawla,Ritika Chawla,0,1,1
202,Priya Verma,Priya Verma8680@okhdfcbank/HDFC Bank/REF-IMPS2023111,Priya Verma,Priya Verma,0,1,1
203,Mahendra Patil,mahendra patil5756@okaxis/PMT,Mahendra Patil,Mahendra Patil,0,1,1
204,Vivek Iyer,vivek iyer,Vivek Iyer,Vivek Iyer,1,1,1
205,Isha Menon,Isha Menon,Isha Menon,Isha Menon,1,1,1
206,Isha Menon,isha menon1826@okaxis,Isha Menon,Isha Menon,0,1,1
207,Reliance Jio,Jio Recharge,Reliance Jio,Reliance Jio,0,1,1
208,Apoorva Singh,Apoorva Singh,Apoorva Singh,Apoorva Singh,1,1,1
209,Arjun Sharma,arjun.sharma89@paytm,Arjun Sharma,Arjun Sharma,0,1,1
210,Ajio,AJIO,AJIO,AJIO,1,1,1
211,Ritika Chawla,RITIKA CHAWLA5979@okhdfcbank/REF-789456123/,Ritika Chawla,Ritika Chawla,0,1,1
212,Isha Menon,isha menon7594@paytm,Isha Menon,Isha Menon,0,1,1
213,Tanvi Desai,tanvi desai7980@ibl,Tanvi Desai,Tanvi Desai,0,1,1
214,Rajeev Kumar,rajeev.kumar78,Rajeev Kumar,Rajeev Kumar,0,1,1
215,Meera Joshi,meera joshi8361@upi/ICICI/REF:PAYMENT FOR ONLINE CLASSES/123456,Meera Joshi,Meera Joshi,0,1,1
216,Kiran Mehta,Kiran Mehta,Kiran Mehta,Kiran Mehta,1,1,1
217,Lakshmi Pillai,lakshmi pillai3814@oksbi,Lakshmi Pillai,Lakshmi Pillai,0,1,1
218,Rohan Verma,Rohan Verma,Rohan Verma,Rohan Verma,1,1,1
219,Pooja Batra,Pooja Batra,Pooja Batra,Pooja Batra,1,1,1
220,Priya Verma,priya verma4317@ybl,Priya Verma,Priya Verma,0,1,1
221,Kiran Mehta,Kiran Mehta2444@okhdfcbank/Groceries,Kiran Mehta,Kiran Mehta,0,1,1
222,Rohit Tiwari,rohit tiwari4265@okhdfcbank/HDFC BANK/RefNo-IMPS20231,Rohit Tiwari,Rohit Tiwari,0,1,1
223,Rohan Verma,Rohan Verma,Rohan Verma,Rohan Verma,1,1,1
224,Rohan Verma,Rohan Verma,Rohan Verma,Rohan Verma Verma Rohan The Payee is Rohan Verma Verma.,1,1,0
225,Isha Menon,isha menon,Isha Menon,Isha Menon,1,1,1
226,Shivani Das,shivani das8229@ibl/ICICI BANK,Shivani Das,Shivani Das,0,1,1
227,Lakshmi Pillai,lakshmi pillai9831@okaxis/ICICI/TXN ID:8529374651,Lakshmi Pillai,Pillai Lakshmi,0,1,0
228,Nykaa,Nykaa,Nykaa,Nykaa Cosmetics Nykay,1,1,0
229,Rahul Sharma,Rahul Sharma 6275@OKAxis,Rahul Sharma,Rahul Sharma,0,1,1
230,Rohan Verma,Rohan Verma,Rohan Verma,Rohan Verma,1,1,1
231,Rajesh Kumar Sharma,Rajesh Kumar Sharma,Rajesh Kumar Sharma,Rajesh Kumar Sharma Rajesh Kumar Sharma,1,1,0
232,Ramesh Kumar,Ramesh Kumar,Ramesh Kumar,Ramesh Kumar,1,1,1
233,Rohan Varma,Rohan Varma,Rohan Varma,Rohan Varma,1,1,1
234,Sneha Nair,Sneha Nair5934@ybl/P2P PAY via UPI/RefID:XYZ1234/08,Vipin Nair,Sneha Nair,0,0,1
235,Rajesh Kumar,rajesh kumar789@paytm,Rajesh Kumar,Rajesh Kumar,0,1,1
236,Vivek Iyer,vivek iyer2344@upi,Vivek Iyer,VIVEK IYER,0,1,1
237,Priya Verma,Priya Verma,Priya Verma,Priya Verma,1,1,1
238,Saurabh Jain,Saurabh Jain8148@okhdfcbank/RefNo-234567/UPI Transaction,Saurabh Jain,Saurabh Jain,0,1,1
239,Rajesh Kumar,Rajesh Kumar,Rajesh Kumar,Rajesh Kumar,1,1,1
240,Arjun Singh,arjun.singh78@upi/PMT To extract the payee name from the given transaction narration and return it in a specific format,Arjun Singh,Arjun Singh,0,1,1
241,Isha Menon,isha menon2317@ybl,Isha Menon,Isha Menon,0,1,1
242,Neha Sharma,Neha Sharma-Rent,Neha Sharma,Neha Sharma,0,1,1
243,Neha Kulkarni,Neha Kulkarni2305@oksbi/INDUSIND BANK/REF-78954123/,Indusind Bank,Neha Kulkarni,0,0,1
244,Lakshmi Pillai,lakshmi pillai5467@okaxis,Lakshmi Pillai,Lakshmi Pillai,0,1,1
245,Tanvi Desai,HDFC Bank Ltd,Groceries,Groceries,0,0,0
246,Rajesh Kumar,Rajesh Kumar,Rajesh Kumar,Rajesh Kumar,1,1,1
247,Ramesh Kumar,Ramesh Kumar,Ramesh Kumar,Ramesh Kumar Ramesh Kumar,1,1,0
248,Ritika Chawla,RITU KUMAR SINGH,Ritika Chawla,Ritika Chawla,0,1,1
249,Arjun Reddy,arjun reddy7700@oksbi/Grocery bill paid via GPay - Ref no: 987654,Arjun Reddy,Arjun Reddy,0,1,1
250,Tanvi Desai,tanvi desai8166@ibl/PMT REF:Groceries-234/HDFC Bank,tanvi desai,Tanvi Desai,0,1,1
251,Arjun Sharma,arjun.sharma789@paytm/PMT To extract the payee name from the given transaction narration, I will identify and return only,Arjun Sharma,Arjun Sharma,0,1,1
252,Manoj Yadav,manoj yadav2345@upi,Manoj Yadav,Manoj Yadav,0,1,1
253,Manoj Yadav,manoj yadav4309@ybl,Manoj Yadav,Manoj Yadav,0,1,1
254,Tanvi Desai,tanvi desai7357@oksbi,Tanvi Desai,Tanvi Desai,0,1,1
255,Arjun Sharma,arjun.sharma92,Reliance Fresh,Arjun Sharma,0,0,1
256,Aarav Kapoor,Aarav Kapoor767@ibl/HDFC Bank/RefNo-234789/PMT to friend,Friend,Aarav Kapoor,0,0,1
257,Rohit Tiwari,Rohit Tiwari,Rohit Tiwari,Rohit Tiwari,1,1,1
258,Lakshmi Pillai,lakshmi pillai8016@okhdfcbank/Pay to Lakshmi for Diwali gifts/HDFC Bank,Lakshmi Pillai,Lakshmi Pillai,0,1,1
259,Rajesh Kumar,Rajesh Kumar7891@paytm/REF1234567890/Axis Bank Ltd,Rajesh Kumar,Rajesh Kumar,0,1,1
260,Priya Sharma,Priya Sharma,Priya Sharma,Priya Sharma,1,1,1
261,Rahul Sharma,Rahul Sharma 6344 @ ybl,Rahul Sharma,Rahul Sharma,0,1,1
262,Ramesh Kumar,Ramesh Kumar,Ramesh Kumar,Ramesh Kumar Ramesh Kumar,1,1,0
263,Neha Kulkarni,Neha Kulkarni7433@ibl/P2P TXN - Groceries/HDFC000000,Groceries,Neha Kulkarni,0,0,1
264,Sneha Nair,Sneha Nair4636@okhdfcbank/REF-BillPayment/HDFC Bank/789456,Bill Payment,Sneha Nair,0,0,1
265,Sneha Nair,Sneha Nair,For groceries,Sneha Nair,1,0,1
266,Amit Sinha,amit sinha5517@okaxis,Amit Sinha,Amit Sinha,0,1,1
267,Arjun Sharma,Arjun Sharma,Arjun Sharma,Arjun Sharma,1,1,1
268,Rohan Verma,Rohan Verma,Rohan Verma,Rohan Verma,1,1,1
269,Rohan Verma,Rohan Verma,Rohan Verma,Rohan Verma,1,1,1
270,Rajesh Kumar Sharma,Rajesh Kumar Sharma IDFCF BillPay-EL004567 202411161432,Rajesh Kumar Sharma,Rajesh Kumar Sharma,0,1,1
271,Isha Menon,Isha Menon,Isha Menon,Isha Menon,1,1,1
272,BookMyShow,BookMyShow,BookMyShow,BookMyShow,1,1,1
273,Isha Menon,isha menon8805@oksbi/ICICI/RefNo-202311071456,Isha Menon,Isha Menon,0,1,1
274,Sneha Nair,S. NAIR,Sneha Nair,Sneha Nair,0,1,1
275,Aarav Kapoor,Aarav Kapoor,Arav Kapoor,Aarav Kapoor,1,0,1
276,Gaurav Malhotra,gaurav malhotra1453@paytm,Gaurav Malhotra,Gaurav Malhotra,0,1,1
277,Rohan Sharma,Rohan Sharma,Rohan Sharma,Rohan Sharma,1,1,1
278,Reliance Fresh,arjun.sharma92@paytm/Grocery bill - Reliance Fresh/123456789012,Reliance Fresh,Arjun Sharma,0,1,0
279,Raghav Bhatia,Shagun/HDFC Bank/512899765432/UPI45678901,Raghav Bhatia,Shagun,0,1,0
280,Rohit Tiwari,rohit tiwari7062@oksbi,Rohit Tiwari,Rohit Tiwari,0,1,1
281,Harshit Bansal,harshit bansal3636@okhdfcbank,Harshit Bansal,Harshit Bansal,0,1,1
282,Meera Joshi,Meera Joshi,Meera Joshi,Meera Joshi Meera Joshi,1,1,0
283,Apoorva Singh,apoorva singh8305@ibl,apoorva singh,AprooVa Singh,0,1,0
284,Swiggy,Swiggy,Swiggy,AXL9B2C3D4E5G7I9JK5LK8MPTSwiggy,1,1,0
285,Arjun Sharma,arjun.sharma78@upi,Arjun Sharma,Arjun Sharma,0,1,1
286,BigBasket,yash nigam762@oksbi/Groceries,BigBasket,Yash Nigam,0,1,0
287,Aniket Sharma,ANIKET SHARMA,Aniket Sharma,Aniket Sharma,1,1,1
288,Reliance Fresh,lakshmi pillai1970@upi/Grocery bill - Reliance Fresh EXPRESS/AXISB/**9283,Reliance Fresh,Reliance Fresh Express Reliance Pillai,0,1,0
289,Gaurav Malhotra,gaurav malhotra4614@ybl,Gaurav Malhotra,Gaurav Malhotra,0,1,1
290,Ramesh Kumar,Ramesh Kumar,Ramesh Kumar,Ramesh Kumar,1,1,1
291,Arjun Sharma,arjun.sharma78@paytm,Arjun Sharma,Arjun Sharma,0,1,1
292,Harshit Bansal,harshit bansal9090@oksbi/ICICI BANK,Harshit Bansal,Harshit Bansal,0,1,1
293,Rohan Verma,Rohan Verma,Rohan Verma,Rohan Verma,1,1,1
294,Amit Sinha,Amit Sinha9237@paytm/UBINAR0000001/For Diwali Gifts - Urgent,Amit Sinha,Amit Sinha,0,1,1
295,Manoj Yadav,manoj yadav6399@paytm,Manoj Yadav,Manoj Yadav,0,1,1
296,Amit Sinha,Amit Sinha6099@okaxis,Amit Sinha,Amit Sinha,0,1,1
297,Shreya Patel,Shreya Patel,Shreya Patel,Shreya Patel,1,1,1
298,Tanvi Desai,tanvi desai1151@okaxis/ICICI BANK,Tanvi Desai,Tanvi Desai,0,1,1
299,Rohit Tiwari,Rohit Tiwari8333@okhdfcbank,Rohit Tiwari,Rohit Tiwari,0,1,1
300,Aarav Kapoor,Aarav Kapoor549@okaxis/ICICI Bank/RefNo-202311171456,Arav Kapoor,Aarav Kapoor,0,0,1
301,Meera Joshi,meera joshi6151@ibl,Meera Joshi,Meera Joshi,0,1,1
302,Rahul Sharma,Rahul Sharma 89,Rahul Sharma,Rahul Sharma,0,1,1
303,Pooja Batra,Pooja batra958@upi/ Sent to Pooja for Diwali expenses /ICICI,Pooja Batra,Pooja Batra,0,1,1
304,Rahul Sharma,rahul.sharma1104@paytm/PMT,Rahul Sharma,Rahul Sharma,0,1,1
305,Harshit Bansal,Harshit Bansal1153@okaxis/REF-GroceryBill/1234567890,Harshit Bansal,Harshit Bansal,0,1,1
306,Ramesh Kumar Sharma,Ramesh Kumar Sharma,Ramesh Kumar Sharma,Ramesh Kumar Sharma Ramesh Kumar Sharma,1,1,0
307,Lakshmi Pillai,lakshmi pillai8529@ibl/PhonePe,Lakshmi Pillai,Lakshmi Pillai,0,1,1
308,Meera Joshi,meera joshi7356@okhdfcbank/Grocery bill-PAYTM/RefID:98765,Meera Joshi,Meera Joshi,0,1,1
309,Nykaa,Nykaa,Nykaa,Nykaa,1,1,1
310,IndiGo Airlines,IndiGo Airlines,IndiGo Airlines,IndiGo AirlinesThe Payee is IndiGo Airlines The Payee is IndiGo Airlines,1,1,0
311,Rohan Verma,Rohan Verma,Rohan Verma,Rohan Verma,1,1,1
312,Nikhil Arora,Nikhil Arora 4728 @ HDFC Bank,Nilak Arora,Nikhil Arora,0,0,1
313,Nikhil Arora,Nikhil Arora954@paytm/Payment for Diwali gifts,Nikhil Arora,Nikhil Arora,0,1,1
314,Ramesh Kumar Sharma,Ramesh Kumar Sharma,Ramesh Kumar Sharma,Ramesh Kumar Sharma Ramesh Kumar Sharma,1,1,0
315,Rahul Sharma,rahul sharma2268@upi/ICICI Bank/REF-78954123/P2P PAY,Rahul Sharma,Rahul Sharma,0,1,1
316,Priya Verma,Priya Verma6043@oksbi/TRF/RefNo-789456/PMT to friend,Priya Verma,Priya Verma,0,1,1
317,Apoorva Singh,Apoorva Singh2451@oksbi,Apoorva Singh,Apoorva Singh,0,1,1
318,Nikhil Arora,nikhil arora5696@ibl/ICICI BANK,NIKHIL ARORA,Nikhil Arora,0,1,1
319,Neha Kulkarni,neha kulkarni3217@okhdfcbank,Neha Kulkarni,Neha Kulkarni,0,1,1
320,Sneha Nair,sneha nair9885@paytm,Sneha Nair,Sneha Nair,0,1,1
321,Arjun Sharma,arjun.sharma1995@upi,Arjun Sharma,Arjun Sharma,0,1,1
322,Pooja Batra,Pooja Batra,Pooja Batra,Pooja Batra,1,1,1
323,Manoj Yadav,manoj yadav5806@okaxis/ICICI BANK/REF-8976543210/U,Manoj Yadav,Manoj Yadav,0,1,1
324,Harshit Bansal,harshit bansal2168@upi,Harshit Bansal,Harshit Bansal,0,1,1
325,Aarav Sharma,Aarav Sharma,Arav Sharma,Aarav Sharma,1,0,1
326,Arjun Sharma,arjun.sharma78,Arjun Sharma,Arjun Sharma,0,1,1
327,Saurabh Jain,Saurabh Jain9344@okhdfcbank,Groceries,Saurabh Jain,0,0,1
328,Rohit Tiwari,rohit tiwari3501@ibl/Grocery bill - BigBasket/HDFC Bank,Rohit Tiwari,Rohit Tiwari,0,1,1
329,Lakshmi Pillai,Lakshmi Pillai4823@okaxis/IndusInd Bank/RefNo:XYZ12345678,IndusInd Bank,Lakshmi Pillai,0,0,1
330,Meera Joshi,meera joshi5628@okhdfcbank,Meera Joshi,Meera Joshi,0,1,1
331,Aarav Kapoor,Aarav Kapoor2231@ybl/RefNo-789456/UPI Transaction,Arav Kapoor,Aarav Kapoor,0,0,1
332,Neha Kulkarni,Neha Kulkarni738@oksbi/RefNo-2947581/Axis Bank Ltd,Neha Kulkarni,Neha Kulkarni,0,1,1
333,Arjun Reddy,Arjun Reddy,Arjun Reddy,Arjun Reddy,1,1,1
334,Arjun Sharma,arjun.sharma89@paytm,Arjun Sharma,Arjun Sharma,0,1,1
335,Apoorva Singh,Apoorva Singh4830@ybl/REF-GroceryBill/Axis Bank Ltd,Grocery Bill,Apoorva Singh,0,0,1
336,Priya Verma,Priya Verma,Priya Verma,Priya Verma,1,1,1
337,Priya Sharma,Priya Sharma,Priya Sharma,Priya Sharma,1,1,1
338,Rohit Tiwari,Rohit Tiwari,Rohit Tiwari,Rohit Tiwari,1,1,1
339,Ramesh Kumar,Ramesh Kumar92@paytm,Ramesh Kumar,Ramesh Kumar,0,1,1
340,Rahul Sharma,rahul sharma9840@okaxis/ICICI/REF-1234567890/PMT for,Rahul Sharma,Rahul Sharma,0,1,1
341,Rajesh Kumar,rajesh kumar789@paytm/Ref-Groceries/EXPRESS,Rajesh Kumar,Rajesh Kumar,0,1,1
342,Arjun Reddy,Grofers India Pvt Ltd,Grofers India,Grofers India Pvt Ltd,0,0,0
343,Amit Sinha,Amit Sinha,Amit Sinha,Amit Sinha,1,1,1
344,RedBus,RedBus,RedBus,HDFC Bank ThePayeeHDFC Bank,1,1,0
345,Rohan Verma,Rohan Verma,Rohan Verma,Rohan Verma,1,1,1
346,Arjun Sharma,arjun.sharma7890@paytm,Arjun Sharma,Arjun Sharma,0,1,1
347,Meera Joshi,meera joshi8654@okaxis,Meera Joshi,Meera Joshi,0,1,1
348,Ramesh Kumar,ramesh.verma92@upi,Ramesh Kumar,Ramesh Kumar Ramesh Kumar,0,1,0
349,Ramesh Kumar Sharma,Ramesh Kumar Sharma,Ramesh Kumar Sharma,Ramesh Kumar Sharma Ramesh Kumar Sharma,1,1,0
350,Rohan Varma,Rohan Varma,Rohan Varma,Rohan Varma,1,1,1
351,Ankit Gupta,ankit gupta4889@okaxis,Ankit Gupta,Ankit Gupta,0,1,1
352,Vivek Iyer,vivek iyer3612@oksbi/Grocery Bill - BigBasket/HDFC Bank/TXN ID: 87,Vivek Iyer,Vivek Iyer,0,1,1
353,Pantaloons,Pantaloons,Dr.Pantaloons,Pantaloons,1,0,1
354,Saurabh Jain,Saurabh Jain376@okaxis,Diwali Gifts,Saurabh Jain,0,0,1
355,Mahendra Patil,mahendra patil1174@upi,Mahendra Patil,Mahendra Patil,0,1,1
356,Sneha Nair,Sneha Nair6818@okhdfcbank/UPI,Groceries,Sneha Nair,0,0,1
357,Raghav Bhatia,raghav bhatia1739@ibl,Raghav Bhatia,Raghav Bhatia,0,1,1
358,Neha Kulkarni,neha kulkarni7631@ibl/ PAYMENT REF: Groceries - BigBasket /ONLY RS 799,BigBasket,Neha Kulkarni,0,0,1
359,Ramesh Kumar,Ramesh Kumar,Ramesh Kumar,Ramesh Kumar,1,1,1
360,Ramesh Kumar,Ramesh Kumar,Ramesh Kumar,Ramesh Kumar,1,1,1
361,Rohit Tiwari,rohit tiwari1124@okhdfcbank/HDFC Bank/RefNo-234789/P,Rohit Tiwari,Rohit Tiwari,0,1,1
362,Reliance Smart,Ishu Menon,Reliance Smart,Isha Menon,0,1,0
363,Harshit Bansal,Harshit Bansal6550@oksbi/RefNo-234789/SBI,Harshit Bansal,Harshit Bansal,0,1,1
364,Rajesh Kumar Sharma,Rajesh Kumar Sharma,Rajesh Kumar Sharma,Rajesh Kumar Sharma,1,1,1
365,Arjun Sharma,arjun.sharma1992@paytm,Arjun Sharma,Arjun Sharma,0,1,1
366,Shivani Das,SHIVANI DAS1322@OKSBI/UCBA/TXN ID:IMPS2023110,Shivani Das,SHIVANI DAS,0,1,1
367,Rajeev Kumar,Rajeev Kumar,Rajeev Kumar,Rajeev Kumar,1,1,1
368,Ola,Ola,Ola,Ola,1,1,1
369,Meera Joshi,meera.joshi7764@upi,Meera Joshi,Meera Joshi,0,1,1
370,Kiran Mehta,Kiran,Kiran Mehta,Kiran Mehta,0,1,1
371,Harshit Bansal,harshit bansal778@okhdfcbank/PMT REF-TXN123456789/IC,Harshit Bansal,Harshit Bansal,0,1,1
372,Pizza Hut,ICICI,Pizza Hut,Pizza Hut Rest,0,1,0
373,Rohan Verma,Rohan Verma/yash.nigam8184@oksbi/RefID:78954321/HDF,Rohan Verma,Rohan Verma,0,1,1
374,Ankit Gupta,Ankit,Ankit Gupta,Ankit Gupta,0,1,1
375,Nandini Roy7110@paytm,Nandini Roy7110@paytm/RefNo-202410271456/PMT To,Nandini Roy,Nandini Roy,0,0,0
376,Saurabh Jain,saurabh jain3085@ybl,Saurobh Jain,Saurabh Jain,0,0,1
377,Ravi Kumar Sharma,RAVI KUMAR SHARMA,Ravi Kumar Sharma,Ravi Kumar Sharma,1,1,1
378,BigBasket,YESBANK,BigBasket,BigBasket Grocery,0,1,0
379,Arjun Sharma,arjun.sharma1992,Arjun Sharma,Arjun Sharma,0,1,1
380,Raseel Khan,Raseel Khan3089@ybl/ICICI BANK/RefNo-23456789/PMT for,Raseel Khan,Raseel Khan,0,1,1
381,Meera Joshi,meera joshi6434@upi/INDUSIND/REF-TXN1234567890,Meera Joshi,Meera Joshi,0,1,1
382,Rajesh Kumar Sharma,Rajesh Kumar Sharma,Rajesh Kumar Sharma,Rajesh Kumar Sharma,1,1,1
383,Rahul Sharma,Rahul Sharma 1809@oksbi/Grocery bill paid via GPay /ICICI Bank,Rahul Sharma,Rahul Sharma,0,1,1
384,Apoorva Singh,Apoorva Singh,Apoorva Singh,Apoorva Singh,1,1,1
385,Ravi Kumar,Ravi Kumar,Ravi Kumar,Ravi Kumar,1,1,1
386,Mahendra Patil,mahendra patil6248@oksbi/SBI/RefNo-78954123/Pay via SBI,Mahendra Patil,Mahendra Patil,0,1,1
387,Rahul Sharma,rahul sharma8719@upi/ICICI/RefNo-202311071456,Rahul Sharma,Rahul Sharma,0,1,1
388,Rohit Tiwari,rohit tiwari3902@upi,Rohit Tiwari,Rohit Tiwari,0,1,1
389,Isha Menon,menon5448@upi,Isha Menon,Isha Menon,0,1,1
390,Rohan Verma,Rohan Verma,Rohan Verma,Rohan Verma,1,1,1
391,Manoj Yadav,manoj yadav7347@okhdfcbank,Manoj Yadav,Manoj Yadavad,0,1,0
392,Zomato,Zomato,Zomato,Zomato,1,1,1
393,Reliance Digital,Reliance Retail,Reliance Digital,Reliance RetailThe Payee is Reliance Retail,0,1,0
394,Ritika Chawla,RITIKA CHAWLA6974@oksbi,Ritika Chawla,Ritika Chawla,0,1,1
395,Priya Verma,Priya Verma152@okhdfcbank,Priya Verma,Priva Verma,0,1,0
396,Rohan Verma,Rohan Verma,Rohan Verma,Rohan Verma,1,1,1
397,Harshit Bansal,harshit bansal5072@oksbi/OKSBI/RefNo-23456789/Groceries,Harshit Bansal,Harshit Bansal,0,1,1
398,Shreya Sharma,Shreya Sharma,Shreya Sharma,Shreya Sharma,1,1,1
399,Rajesh Kumar,Rajesh Kumar,Rajesh Kumar,Rajesh Kumar,1,1,1
400,Dominos Pizza,Dominos Pizza,Domino's Pizza,Dominos Pizza,1,0,1
401,Vijay Kumar Sharma,vijay kumar sharma,Vijay Kumar Sharma,Vijay Kumar Sharma,1,1,1
402,Ankit Gupta,Ankit Gupta5323@paytm/HDFC Bank/RefNo.XYZ123456789/Only,Ankit Gupta,Ankit Gupta,0,1,1
403,Neha Kulkarni,neha kulkarni,Neha Kulkarni,Neha Kulkarni,1,1,1
404,Dominos Pizza,Dominos Pizza,Domino's Pizza,Dominos Pizza,1,0,1
405,Saurabh Jain,saurabh jain,Saarabh Jain,Saurabh Jain,1,0,1
406,Ravi Kumar,Ravi Kumar,Ravi Kumar,Ravi Kumar,1,1,1
407,Arjun Sharma,Arjun Sharma,Arjun Sharma,Arjun Sharma,1,1,1
408,Rohan Verma,Rohan Verma - Mobile Recharge,Rohan Verma,Rohan Verma,0,1,1
409,Vijay Sales,Vijay Sales,Vijay Sales,Vijay Sales,1,1,1
410,Aarav Kapoor,aaravkapoor7690@upi,Arav Kapoor,Aarav Kapoor,0,0,1
411,Paytm,abc@paytm,Paytm,abc@paytm,0,1,0
412,Reliance Digital,Reliance Digital,Reliance Digital,Reliance Digital,1,1,1
413,Raseel Khan,Raseel Khan172@upi/ICICI/RefNo-2023111512345,Raseel Khan,Raseel Khan,0,1,1
414,Aravind Sharma,Aravind Sharma,Aravind Sharma,Aravind Sharma,1,1,1
415,Jio Platforms,sneha nair3118@ibl/Mobile Recharge - Jio/JIO PLATFORMS LTD/512345,Jio,JIO PLATFORMS LTDThe Payee isJIO PLATFORMS LTD,0,0,0
416,Saurabh Jain,Saurabh Jain,Saurabh Jain,Saurabh Jain,1,1,1
417,Sneha Nair,Sneha Nair,Sneha Nair,Sneha Nair,1,1,1
418,Gaurav Malhotra,gaurav malhotra7589@okhdfcbank,Gaurav Malhotra,Gaurav Malhotra,0,1,1
419,Sneha Nair,Sneha Nair,Paytm,Sneha Nair,1,0,1
420,Lakshmi Pillai,lakshmi pillai7121@okhdfcbank/HDFC Bank/RefNo-2347890,Lakshmi Pillai,Lakshmi Pillai,0,1,1
421,Ankit Gupta,ankit gupta3037@upi,Ankit Gupta,Ankit Gupta,0,1,1
422,Arjun Sharma,arjun.sharma89,Arjun Sharma,Arjun Sharma,0,1,1
423,Nikhil Arora,Nikhil Arora@hdfcbank,Kishan Arora,Nikhil Arora,0,0,1
424,Rohan Sharma,Rohan Sharma,Rohan Sharma,Rohan Sharma,1,1,1
425,Lakshmi Pillai,Lakshmi Pillai,Lakshmi Pillai,Lakshmi Pillai,1,1,1
426,Tanvi Desai,tanvi.desai6793@okaxis,Tanvi Desai,Tanvi Desai,0,1,1
427,Arjun Reddy,Arjun Reddy,Arjun Reddy,Arjun Reddy,1,1,1
428,Ankit Gupta,Ankit Gupta6515@oksbi/REF-TRF-202410271435/Axis,Ankit Gupta,Axis Bank,0,1,0
429,Shivani Das,shivani das5405@paytm,Shivani Das,Shivani Das,0,1,1
430,Ramesh Kumar Sharma,Ramesh Kumar Sharma,Ramesh Kumar Sharma,Ramesh Kumar Sharma Ramesh Kumar Sharma,1,1,0
431,Priya Verma,priya verma9579@paytm,Priya Verma,Priya Verma,0,1,1
432,Pooja Batra,Pooja Batra6859@paytm/HDFC Bank/REF:789456123/Payment,Pooja Batra,Pooja Batra,0,1,1
433,Rohan Verma,Rohan Verma,Rohan Verma,Rohan Verma,1,1,1
434,Isha Menon,isha menon,Isha Menon,Isha Menon,1,1,1
435,Vivek Iyer,vivek iyer8605@oksbi,Vivek Iyer,Vivek Iyer,0,1,1
436,Isha Menon,Isha Menon 1346@ybl,BigBasket,Isha Menon,0,0,1
437,Rajesh Kumar Sharma,Rajesh Kumar Sharma,Rajesh Kumar Sharma,Rajesh Kumar Sharma,1,1,1
438,Ramesh Kumar,Ramesh Kumar,Ramesh Kumar,Ramesh Kumar Ramesh Kumar,1,1,0
439,Manoj Yadav,manoj yadav6529,BigBasket,Manoj Yadav,0,0,1
440,Saurabh Jain,saurabh jain2479@ibl,Saurobh Jain,Saurabh Jain,0,0,1
441,Manoj Yadav,manoj yadav2968@oksbi,Manoj Yadav,Manoj Yadav,0,1,1
442,Mahendra Patil,mahendra.patil3276@ybl,Mahendra Patil,Mahendra Patil,0,1,1
443,JioMart,JioMart Grocery,JioMart,JioMart,0,1,1
444,Amit Sinha,Amit Sinha993@ibl/REF:Bill Payment/1234567890/ To extract the pay,Amit Sinha,Amit Sinha,0,1,1
445,Cafe Coffee Day,CCDCORP234567,Cafe Coffee Day,Café Coffee Day,0,1,0
446,Ritika Chawla,RITIKA CHAWLA90@OKSBI,Ritika Chawla,Ritika Chawla,0,1,1
447,Isha Menon,Isha Menon,Isha Menon,Isha Menon,1,1,1
448,Priya Sharma,priyasharma91@upi,Priya Sharma,Priya Sharma,0,1,1
449,Rajesh Kumar Sharma,Rajesh Kumar Sharma,Rajesh Kumar Sharma,Rajesh Kumar Sharma Rajesh Kumar Sharma,1,1,0
450,Ankit Gupta,Ankit Gupta2787@okaxis,Ankit Gupta,Ankit Gupta,0,1,1
451,Neha Kulkarni,Neha Kulkarni7915,Neha Kulkarni,Neha Kulkarni,0,1,1
452,IndiGo Airlines,IndiGo Airlines,IndiGo Airlines,IndiGo Airlines,1,1,1
453,Meera Joshi,meera joshi2661@ibl/ICICI BANK/REF-78954123/TXN ID,Meera Joshi,Meera Joshi,0,1,1
454,Priya Sharma,Priya Sharma,Priya Sharma,Priya Sharma,1,1,1
455,Reliance Retail,mahendra patil6606@oksbi,Reliance Retail,Reliance Retail,0,1,1
456,Aarav Kapoor,Aarav Kapoor,Aarav Kapoor,Aarav Kapoor,1,1,1
457,Reliance Fresh,daulat rao2657@upi/Grocery bill - Reliance Fresh/HDFC0001234,Reliance Fresh,Reliance FreshThe Payee is Reliance Fresh,0,1,0
458,Rohan Verma,Rohan Verma,Rohan Verma,Rohan Verma,1,1,1
459,Isha Menon,Isha Menon 3028 @ okhdfcbank,Rohan Menon,Isha Menon,0,0,1
460,Manoj Yadav,Manoj Yadav,Manoj Yadav,Manoj Yadav,1,1,1
461,Isha Menon,isha menon3307@okaxis,Airtel,Isha Menon,0,0,1
462,Apoorva Singh,Apoorva Singh5577@ybl/ICICI/RefNo-202311061432,Apoorva Singh,Apoorva Singh,0,1,1
463,Tanvi Desai,tanvi desai1097@okhdfcbank,Tanvi Desai,Tanvi Desai,0,1,1
464,Priya Verma,Priya Verma,Priya Verma,Priya Verma,1,1,1
465,Arjun Reddy,Arjun Reddy6983@okhdfcbank/TRF EXPRESS/RefNo-234789/Payment to,Arjun Reddy,Arjun Reddy,0,1,1
466,Neha Kulkarni,Neha Kulkarni,Neha Kulkarni,Neha Kulkarni,1,1,1
467,Shivani Das,Shivani,Shivani Das,Shivani Das,0,1,1
468,Reliance Fresh,Nikhil Arora 6643 @ okaxis,Reliance Fresh,Nikhil Arora,0,1,0
469,Ramesh Kumar,Ramesh Kumar,Ramesh Kumar,Ramesh Kumar Ramesh Kumar,1,1,0
470,Sneha Nair,sneha nair2159@okhdfcbank,Sneha Nair,Sneha Nair,0,1,1
471,Reliance Fresh,arjun.sharma1992@ibl/Groceries,Reliance Fresh,Arjun Sharma,0,1,0
472,Ankit Gupta,ankit gupta1852@upi,Ankit Gupta,Ankit Gupta,0,1,1
473,Pantaloons,Pantaloons,Pantaloons,Pantaloans,1,1,0
474,Isha Menon,Isha Menon,Isha Menon,Isha Menon,1,1,1
475,Raseel Khan,Raseel Khan8544@okhdfcbank,Raseel Khan,Raseel Khan,0,1,1
476,Manoj Yadav,manoj yadav4214@okaxis/HDFC Bank/TRF-Rent-Nov/RefNo-XYZ1234,Manoj Yadav,Manoj Yadav,0,1,1
477,Nikhil Arora,Nikhil Arora 5828,NIHIL ARORA,Nikhil Arora,0,0,1
478,Sneha Nair,Sneha Nair6084@ybl/HDFC Bank/TXN ID:87654321/Ref,Bill Payment,Sneha Nair,0,0,1
479,Raseel Khan,Raseel Khan,Raseel Khan,Raseel Khan Raseel Khan,1,1,0
480,Neha Kulkarni,neha kulkarni2183@ybl,Neha Kulkarni,Neha Kulkarni,0,1,1
481,Vivek Iyer,vivek iyer90@paytm,Vivek Iyer,Vivek Iyer,0,1,1
482,Vivek Iyer,vivek iyer3770@oksbi,Vivek Iyer,Vivek Iyer,0,1,1
483,Harshit Bansal,harshit bansal658@upi,Harshit Bansal,Harshit Bansal,0,1,1
484,Reliance Fresh,arjun.verma91@upi,Arjun Verma,Arjun Verma,0,0,0
485,Amit Sinha,Groceries,Amit Sinha,Amit Sinha,0,1,1
